<?xml version="1.0" encoding="UTF-8" standalone="yes"?>
<addon
  id="repository.benjiplay"
  name="Benji Play Repository"
  version="1.0.0"
  provider-name="Benji">

  <extension point="xbmc.addon.repository">
    <info compressed="false">
      https://wisleygomes.github.io/benji/addons.xml
    </info>
    <checksum>
      https://wisleygomes.github.io/benji/addons.xml.md5
    </checksum>
    <datadir zip="true">
      https://wisleygomes.github.io/benji/
    </datadir>
  </extension>

  <extension point="xbmc.addon.metadata">
    <summary>Repositório Benji Play</summary>
    <description>
      Repositório oficial do Benji Play.
    </description>
    <platform>all</platform>
  </extension>

</addon>