<?xml version="1.0" encoding="UTF-8"?>
<addon
  id="plugin.video.benjiplay"
  name="Benji Play"
  version="1.0.0"
  provider-name="Benji">

  <requires>
    <import addon="xbmc.python" version="2.25.0"/>
  </requires>

  <extension
    point="xbmc.python.pluginsource"
    library="default.py">
    <provides>video</provides>
  </extension>

  <extension point="xbmc.addon.metadata">
    <summary>Entretenimento direto ao ponto</summary>
    <description>Clone fake só pra zoar — conteúdo chegando “em breve”.</description>

    <assets>
      <icon>icon.png</icon>
      <fanart>fanart.jpg</fanart>
    </assets>

    <platform>all</platform>
  </extension>
</addon>